,ID,Name,Age,Gender,Salary,State,Join-Date
0,1,Name 1,43.0,Male,38291,GA,2020-01-01 00:00:00
1,2, Name 2 ,34.0,M,30946,AZ,2020-01-02 00:00:00
2,3, Name 3 ,45.0,F,92007,South Carolina,2020-01-03 00:00:00
3,4,Name 4,35.0,F,$82180,TN,2020-01-04 00:00:00
4,5,Name 5,31.0,F,82549,OR,2020-01-05 00:00:00
5,6,Name 6,30.0,M,40736,LA,2020-06-01
6,7,Name 7,51.0,M,93546,NH,2020-01-07 00:00:00
7,8,Name 8,25.0,F,68034,ME,2020-01-08 00:00:00
8,9,Name 9,36.0,M,111786,New Mexico,2020-01-09 00:00:00
9,10, Name 10 ,-7.0,F,-67545,RI,2020-01-10 00:00:00
10,11,Name 11,63.0,F,44558,KY,2020-01-11 00:00:00
11,12,Name 12,46.0,F,88738,DE,2020-12-01
12,13,Name 13,50.0,F,102346,MA,2020-01-13 00:00:00
13,14,Name 14,63.0,F,67304,CO,2020-01-14 00:00:00
14,15,Name 15,62.0,F,85440,de,2020-01-15 00:00:00
15,16, Name 16 ,22.0,M,30079,NC,2020-01-16 00:00:00
16,17, Name 17 ,52.0,M,55145,ID,2020-01-17 00:00:00
17,18,Name 18,30.0,M,64357,CA,2020-01-18 00:00:00
18,19,Name 19,19.0,M,91277,AR,2020-01-19 00:00:00
19,20,Name 20,28.0,F,34810,WV,2020-01-20 00:00:00
20,21,Name 21,55.0,M,106302,IA,2020-01-21 00:00:00
21,22,Name 22,57.0,F,118725,RI,2020-01-22 00:00:00
22,23,Name 23,38.0,F,80836,TN,2020-01-23 00:00:00
23,24, Name 24 ,35.0,M,91418,WV,2020-01-24 00:00:00
24,25,Name 25,45.0,F,$46215,Arizona,2020-01-25 00:00:00
25,26,Name 26,-26.0,M,-63243,MO,2020-01-26 00:00:00
26,27,Name 27,35.0,M,41451,ND,2020-01-27 00:00:00
27,28,Name 28,21.0,M,101683,KY,2020-01-28 00:00:00
28,29,Name 29,24.0,M,112107,MD,2020-01-29 00:00:00
29,30,Name 30,61.0,Male,50832,PA,2020-01-30 00:00:00
30,31,Name 31,-23.0,F,-82857,PA,2020-01-31 00:00:00
31,32,Name 32,33.0,Female,95705,AR,2020-02-01 00:00:00
32,33,Name 33,50.0,M,64202,Delaware,2020-02-02 00:00:00
33,34,Name 34,41.0,F,60935,MD,2020-02-03 00:00:00
34,35, Name 35 ,45.0,F,59728,SC,2020-04-02
35,36,Name 36,24.0,M,119390,MS,2020-05-02
36,37,Name 37,43.0,M,78413,IA,2020-02-06 00:00:00
37,38,Name 38,-49.0,F,-85067,NV,2020-02-07 00:00:00
38,39, Name 39 ,28.0,M,$51472,KS,2020-02-08 00:00:00
39,40,Name 40,45.0,F,113139,oh,2020-02-09 00:00:00
40,41, Name 41 ,62.0,M,34888,Colorado,2020-02-10 00:00:00
41,42,Name 42,32.0,M,107805,WI,2020-02-11 00:00:00
42,43,Name 43,25.0,John,60449,NM,2020-12-02
43,44,Name 44,33.0,F,67209,MT,2020-02-13 00:00:00
44,45,Name 45,18.0,F,94195,AZ,2020-02-14 00:00:00
45,46, Name 46 ,58.0,M,43792,TX,2020-02-15 00:00:00
46,47,Name 47,45.0,M,113342,ri,2020-02-16 00:00:00
47,48, Name 48 ,-20.0,F,-85003,CA,2020-02-17 00:00:00
48,49, Name 49 ,-19.0,Female,-87749,GA,2020-02-18 00:00:00
49,50,Name 50,25.0,F,94869,TN,2020-02-19 00:00:00
50,51,Name 51,53.0,F,85713,Michigan,2020-20-02
51,52,Name 52,19.0,M,80943,MA,2020-02-21 00:00:00
52,53,Name 53,21.0,Female,82128,nd,2020-22-02
53,54, Name 54 ,26.0,Male,98449,rhode island,2020-02-23 00:00:00
54,55,Name 55,41.0,F,42109,CA,2020-02-24 00:00:00
55,56,Name 56,-6.0,F,-93945,Nebraska,2020-25-02
56,57,Name 57,22.0,M,115917,nj,2020-02-26 00:00:00
57,58,Name 58,26.0,M,115411,NC,2020-02-27 00:00:00
58,59,Name 59,-30.0,F,-106788,TN,2020-02-28 00:00:00
59,60,Name 60,32.0,F,106745,ks,2020-02-29 00:00:00
60,61,Name 61,37.0,M,$52409,FL,2020-03-01 00:00:00
61,62,Name 62,43.0,F,53947,ak,2020-03-02 00:00:00
62,63,Name 63,-57.0,M,-102844,RI,2020-03-03 00:00:00
63,64,Name 64,56.0,M,106914,MT,2020-03-04 00:00:00
64,65,Name 65,35.0,M,71744,CT,2020-03-05 00:00:00
65,66,Name 66,-2.0,F,-99746,VT,2020-03-06 00:00:00
66,67,Name 67,36.0,M,$79578,VT,2020-03-07 00:00:00
67,68, Name 68 ,28.0,F,112539,KY,2020-03-08 00:00:00
68,69,Name 69,64.0,F,113902,NE,2020-09-03
69,70,Name 70,50.0,F,76540,IN,2020-03-10 00:00:00
70,71,Name 71,62.0,F,106665,SC,2020-03-11 00:00:00
71,72,Name 72,58.0,F,33524,IA,2020-12-03
72,73,Name 73,26.0,F,37411,oh,2020-03-13 00:00:00
73,74,Name 74,22.0,M,70726,NC,2020-03-14 00:00:00
74,75,Name 75,51.0,M,74119,CA,2020-03-15 00:00:00
75,76,Name 76,19.0,F,115288,CT,2020-03-16 00:00:00
76,77,Name 77,49.0,F,90475,MD,2020-03-17 00:00:00
77,78,Name 78,59.0,M,33683,WY,2020-03-18 00:00:00
78,79,Name 79,29.0,M,114347,Michigan,2020-03-19 00:00:00
79,80, Name 80 ,52.0,M,107682,hi,2020-03-20 00:00:00
80,81,Name 81,26.0,M,$95918,ID,2020-03-21 00:00:00
81,82,Name 82,37.0,M,31954,Arkansas,2020-03-22 00:00:00
82,83,Name 83,50.0,M,$93243,West Virginia,2020-03-23 00:00:00
83,84,Name 84,-58.0,F,-34717,MT,2020-03-24 00:00:00
84,85,Name 85,36.0,M,100911,ks,2020-03-25 00:00:00
85,86,Name 86,63.0,F,49700,ok,2020-03-26 00:00:00
86,87,Name 87,26.0,F,85023,CO,2020-03-27 00:00:00
87,88, Name 88 ,56.0,M,63128,TN,2020-28-03
88,89,Name 89,57.0,M,81699,KY,2020-29-03
89,90,Name 90,52.0,Male,119120,nm,2020-30-03
90,91,Name 91,49.0,M,79721,TX,2020-31-03
91,92,Name 92,54.0,M,$94474,AL,2020-04-01 00:00:00
92,93,Name 93,22.0,F,82572,SD,2020-04-02 00:00:00
93,94,Name 94,46.0,M,55370,Delaware,2020-04-03 00:00:00
94,95, Name 95 ,31.0,M,36792,TX,2020-04-04 00:00:00
95,96,Name 96,19.0,Male,115300,Michigan,2020-04-05 00:00:00
96,97,Name 97,44.0,F,117076,WA,2020-06-04
97,98,Name 98,39.0,M,69279,VA,2020-04-07 00:00:00
98,99,Name 99,38.0,F,79892,WA,2020-04-08 00:00:00
99,100,Name 100,60.0,M,110497,NC,2020-04-09 00:00:00
100,101,Name 101,35.0,John,45192,WY,2020-04-10 00:00:00
101,102,Name 102,35.0,F,65117,PA,2020-04-11 00:00:00
102,103,Name 103,22.0,F,53289,mi,2020-04-12 00:00:00
103,104,Name 104,28.0,M,33405,KY,2020-04-13 00:00:00
104,105,Name 105,64.0,John,74876,NC,2020-04-14 00:00:00
105,106,Name 106,57.0,Female,101472,PA,2020-04-15 00:00:00
106,107,Name 107,-53.0,M,-36386,SD,2020-04-16 00:00:00
107,108,Name 108,-4.0,F,-53634,TX,2020-04-17 00:00:00
108,109,Name 109,-58.0,M,-111338,WY,2020-04-18 00:00:00
109,110,Name 110,53.0,Male,50320,HI,2020-19-04
110,111,Name 111,-38.0,F,-71903,IL,2020-04-20 00:00:00
111,112,Name 112,24.0,F,63218,ca,2020-21-04
112,113,Name 113,58.0,F,33451,NH,2020-04-22 00:00:00
113,114,Name 114,19.0,M,52616,MS,2020-04-23 00:00:00
114,115,Name 115,57.0,F,68641,HI,2020-04-24 00:00:00
115,116,Name 116,54.0,F,111061,NH,2020-04-25 00:00:00
116,117,Name 117,26.0,M,35622,IN,2020-04-26 00:00:00
117,118, Name 118 ,-3.0,F,-43008,NM,2020-04-27 00:00:00
118,119,Name 119,55.0,John,79479,CT,2020-04-28 00:00:00
119,120,Name 120,45.0,M,102275,MD,2020-04-29 00:00:00
120,121,Name 121,47.0,F,100712,Vermont,2020-04-30 00:00:00
121,122,Name 122,39.0,M,44469,ks,2020-05-01 00:00:00
122,123,Name 123,41.0,F,97429,wa,2020-05-02 00:00:00
123,124,Name 124,28.0,M,104306,WY,2020-05-03 00:00:00
124,125,Name 125,18.0,F,98108,MN,2020-05-04 00:00:00
125,126,Name 126,34.0,F,94838,AZ,2020-05-05 00:00:00
126,127,Name 127,41.0,F,51779,IN,2020-05-06 00:00:00
127,128,Name 128,61.0,M,72327,mt,2020-05-07 00:00:00
128,129,Name 129,30.0,M,63971,al,2020-05-08 00:00:00
129,130,Name 130,22.0,M,$72046,Louisiana,2020-05-09 00:00:00
130,131,Name 131,52.0,John,64412,NH,2020-05-10 00:00:00
131,132,Name 132,22.0,F,$50116,Nebraska,2020-05-11 00:00:00
132,133, Name 133 ,62.0,M,68237,WY,2020-05-12 00:00:00
133,134,Name 134,52.0,M,41488,HI,2020-13-05
134,135,Name 135,46.0,F,85951,CO,2020-05-14 00:00:00
135,136,Name 136,41.0,M,37174,KS,2020-05-15 00:00:00
136,137,Name 137,35.0,F,30573,LA,2020-05-16 00:00:00
137,138,Name 138,39.0,F,92002,MI,2020-05-17 00:00:00
138,139,Name 139,62.0,F,93793,LA,2020-05-18 00:00:00
139,140,Name 140,51.0,M,42322,MS,2020-05-19 00:00:00
140,141,Name 141,53.0,M,$54550,WY,2020-05-20 00:00:00
141,142,Name 142,32.0,M,112019,WA,2020-05-21 00:00:00
142,143,Name 143,20.0,M,78382,AK,2020-05-22 00:00:00
143,144,Name 144,-6.0,F,-62790,NV,2020-05-23 00:00:00
144,145,Name 145,37.0,F,84479,SC,2020-05-24 00:00:00
145,146,Name 146,36.0,M,44056,,2020-05-25 00:00:00
146,147,Name 147,61.0,F,35808,NH,2020-05-26 00:00:00
147,148,Name 148,48.0,M,113265,NC,2020-05-27 00:00:00
148,149,Name 149,33.0,M,$98557,WI,2020-05-28 00:00:00
149,150,Name 150,50.0,F,57477,NC,2020-05-29 00:00:00
150,151,Name 151,42.0,M,98870,WY,2020-05-30 00:00:00
151,152,Name 152,61.0,M,88144,PA,2020-05-31 00:00:00
152,153,Name 153,37.0,F,74532,LA,2020-01-06
153,154,Name 154,41.0,M,115628,UT,2020-06-02 00:00:00
154,155,Name 155,27.0,F,70113,VA,2020-06-03 00:00:00
155,156,Name 156,25.0,F,70370,GA,2020-06-04 00:00:00
156,157,Name 157,-9.0,F,-45275,id,2020-06-05 00:00:00
157,158,Name 158,52.0,Male,111179,MO,2020-06-06 00:00:00
158,159,Name 159,30.0,F,81006,MI,2020-06-07 00:00:00
159,160,Name 160,63.0,Female,76722,Oklahoma,2020-06-08 00:00:00
160,161,Name 161,45.0,M,93874,ME,2020-09-06
161,162,Name 162,60.0,F,115355,Iowa,2020-06-10 00:00:00
162,163,Name 163,60.0,F,46672,VT,2020-06-11 00:00:00
163,164,Name 164,35.0,M,$108235,KY,2020-06-12 00:00:00
164,165,Name 165,35.0,F,93126,TX,2020-13-06
165,166,Name 166,30.0,M,99267,VT,2020-06-14 00:00:00
166,167,Name 167,29.0,M,93811,LA,2020-06-15 00:00:00
167,168,Name 168,-44.0,M,-90044,ND,2020-06-16 00:00:00
168,169,Name 169,61.0,M,79947,CA,2020-06-17 00:00:00
169,170,Name 170,48.0,Female,114873,MA,2020-06-18 00:00:00
170,171,Name 171,35.0,M,$98747,ar,2020-06-19 00:00:00
171,172,Name 172,45.0,F,118391,OH,2020-06-20 00:00:00
172,173,Name 173,56.0,F,77113,co,2020-06-21 00:00:00
173,174,Name 174,36.0,M,101429,IA,2020-06-22 00:00:00
174,175,Name 175,19.0,M,71251,,2020-06-23 00:00:00
175,176,Name 176,48.0,M,108428,CT,2020-06-24 00:00:00
176,177,Name 177,56.0,M,82874,UT,2020-06-25 00:00:00
177,178,Name 178,48.0,F,117907,TN,2020-06-26 00:00:00
178,179,Name 179,27.0,F,116582,SC,2020-06-27 00:00:00
179,180,Name 180,44.0,F,46149,MI,2020-06-28 00:00:00
180,181,Name 181,64.0,John,100667,RI,2020-06-29 00:00:00
181,182,Name 182,43.0,M,88191,NC,2020-06-30 00:00:00
182,183, Name 183 ,47.0,F,99894,wi,2020-07-01 00:00:00
183,184,Name 184,53.0,M,53688,IL,2020-07-02 00:00:00
184,185,Name 185,38.0,F,55984,ID,2020-07-03 00:00:00
185,186,Name 186,45.0,M,80654,MO,2020-04-07
186,187,Name 187,22.0,John,32829,LA,2020-07-05 00:00:00
187,188,Name 188,23.0,M,$68440,OH,2020-07-06 00:00:00
188,189,Name 189,37.0,M,$102543,NY,2020-07-07 00:00:00
189,190,Name 190,19.0,F,39738,ME,2020-07-08 00:00:00
190,191,Name 191,60.0,Male,106717,PA,2020-07-09 00:00:00
191,192,Name 192,62.0,M,105835,HI,2020-07-10 00:00:00
192,193,Name 193,39.0,John,107051,ky,2020-07-11 00:00:00
193,194,Name 194,43.0,M,39746,nm,2020-07-12 00:00:00
194,195,Name 195,52.0,M,42754,ND,2020-07-13 00:00:00
195,196, Name 196 ,18.0,M,91653,WA,2020-14-07
196,197,Name 197,25.0,M,79331,IN,2020-07-15 00:00:00
197,198, Name 198 ,19.0,F,35881,hi,2020-07-16 00:00:00
198,199,Name 199,34.0,M,68318,HI,2020-17-07
199,200,Name 200,32.0,F,107257,NC,2020-07-18 00:00:00
200,201,Name 201,20.0,M,44982,RI,2020-07-19 00:00:00
201,202,Name 202,20.0,F,89717,Idaho,2020-07-20 00:00:00
202,203,Name 203,46.0,F,95422,CA,2020-07-21 00:00:00
203,204, Name 204 ,53.0,F,98692,IN,2020-07-22 00:00:00
204,205,Name 205,51.0,Male,34910,RI,2020-07-23 00:00:00
205,206,Name 206,-18.0,M,-108249,LA,2020-07-24 00:00:00
206,207,Name 207,28.0,M,73931,MS,2020-07-25 00:00:00
207,208,Name 208,61.0,F,52051,WI,2020-07-26 00:00:00
208,209,Name 209,18.0,F,45884,MO,2020-07-27 00:00:00
209,210,Name 210,51.0,F,58397,NC,2020-07-28 00:00:00
210,211, Name 211 ,41.0,F,39467,SC,2020-07-29 00:00:00
211,212,Name 212,42.0,F,35270,OK,2020-07-30 00:00:00
212,213,Name 213,-17.0,F,-102069,NJ,2020-07-31 00:00:00
213,214,Name 214,29.0,F,91214,NC,2020-08-01 00:00:00
214,215,Name 215,57.0,F,60382,MI,2020-08-02 00:00:00
215,216,Name 216,63.0,M,78827,UT,2020-03-08
216,217,Name 217,32.0,F,76594,GA,2020-08-04 00:00:00
217,218,Name 218,38.0,John,$82817,WY,2020-08-05 00:00:00
218,219,Name 219,18.0,F,53774,Virginia,2020-08-06 00:00:00
219,220,Name 220,19.0,John,116593,New York,2020-08-07 00:00:00
220,221,Name 221,,M,63235,PA,2020-08-08 00:00:00
221,222,Name 222,39.0,F,108942,NV,2020-08-09 00:00:00
222,223,Name 223,56.0,Female,117170,MS,2020-08-10 00:00:00
223,224,Name 224,57.0,M,86800,wa,2020-08-11 00:00:00
224,225,Name 225,48.0,M,60603,NJ,2020-08-12 00:00:00
225,226,Name 226,57.0,M,48411,CO,2020-08-13 00:00:00
226,227,Name 227,46.0,F,42067,fl,2020-08-14 00:00:00
227,228,Name 228,23.0,M,67199,WA,2020-08-15 00:00:00
228,229,Name 229,59.0,F,52963,Maryland,2020-08-16 00:00:00
229,230,Name 230,-12.0,F,-106184,SD,2020-08-17 00:00:00
230,231,Name 231,31.0,M,40946,KS,2020-08-18 00:00:00
231,232,Name 232,32.0,F,45768,ga,2020-08-19 00:00:00
232,233,Name 233,51.0,M,108229,TX,2020-08-20 00:00:00
233,234,Name 234,54.0,M,106602,NM,2020-08-21 00:00:00
234,235,Name 235,41.0,F,35003,washington,2020-08-22 00:00:00
235,236,Name 236,-63.0,M,-87806,kentucky,2020-23-08
236,237,Name 237,48.0,F,54793,MO,2020-08-24 00:00:00
237,238,Name 238,42.0,M,118887,Mississippi,2020-08-25 00:00:00
238,239,Name 239,44.0,M,91443,HI,2020-08-26 00:00:00
239,240,Name 240,48.0,M,$102447,MO,2020-08-27 00:00:00
240,241, Name 241 ,61.0,M,79004,id,2020-08-28 00:00:00
241,242, Name 242 ,61.0,F,58576,vt,2020-08-29 00:00:00
242,243,Name 243,-6.0,M,-98099,VA,2020-08-30 00:00:00
243,244, Name 244 ,64.0,M,69706,OK,2020-08-31 00:00:00
244,245,Name 245,34.0,M,95081,MO,2020-09-01 00:00:00
245,246,Name 246,-35.0,F,-113983,ga,2020-02-09
246,247,Name 247,59.0,F,100590,SC,2020-09-03 00:00:00
247,248,Name 248,19.0,M,62165,Minnesota,2020-09-04 00:00:00
248,249,Name 249,40.0,F,89127,NJ,2020-09-05 00:00:00
249,250,Name 250,49.0,F,87429,AZ,2020-09-06 00:00:00
250,251,Name 251,21.0,,63060,OK,2020-07-09
251,252,Name 252,44.0,F,105912,NV,2020-08-09
252,253,Name 253,23.0,M,$56319,CT,2020-09-09 00:00:00
253,254,Name 254,33.0,M,61301,MT,2020-09-10 00:00:00
254,255,Name 255,51.0,M,117701,AZ,2020-09-11 00:00:00
255,256,Name 256,64.0,F,51159,OR,2020-09-12 00:00:00
256,257,Name 257,62.0,M,$50158,DE,2020-09-13 00:00:00
257,258,Name 258,47.0,M,102974,NC,2020-14-09
258,259,Name 259,52.0,M,102603,Georgia,2020-09-15 00:00:00
259,260,Name 260,22.0,M,$30672,me,2020-09-16 00:00:00
260,261,Name 261,41.0,F,50921,RI,2020-17-09
261,262,Name 262,49.0,M,100320,GA,2020-09-18 00:00:00
262,263, Name 263 ,31.0,M,$107020,IL,2020-09-19 00:00:00
263,264,Name 264,62.0,F,95894,NE,2020-20-09
264,265,Name 265,33.0,F,108261,MT,2020-09-21 00:00:00
265,266,Name 266,51.0,M,84532,HI,2020-09-22 00:00:00
266,267,Name 267,35.0,F,115634,AL,2020-09-23 00:00:00
267,268,Name 268,23.0,M,99581,OR,2020-09-24 00:00:00
268,269,Name 269,-65.0,John,-112490,OH,2020-09-25 00:00:00
269,270,Name 270,61.0,F,39377,SD,2020-09-26 00:00:00
270,271,Name 271,58.0,M,67830,UT,2020-09-27 00:00:00
271,272,Name 272,59.0,M,86703,IN,2020-09-28 00:00:00
272,273,Name 273,60.0,M,30154,MS,2020-09-29 00:00:00
273,274, Name 274 ,40.0,M,60119,OK,2020-09-30 00:00:00
274,275,Name 275,64.0,M,65738,KY,2020-10-01 00:00:00
275,276, Name 276 ,54.0,F,74448,VA,2020-10-02 00:00:00
276,277,Name 277,49.0,M,82945,WV,2020-10-03 00:00:00
277,278,Name 278,39.0,M,44550,tx,2020-10-04 00:00:00
278,279,Name 279,56.0,F,103404,WI,2020-10-05 00:00:00
279,280,Name 280,61.0,F,103146,wa,2020-10-06 00:00:00
280,281,Name 281,50.0,M,43742,NV,2020-10-07 00:00:00
281,282,Name 282,43.0,M,58897,Florida,2020-10-08 00:00:00
282,283, Name 283 ,21.0,F,86478,NC,2020-10-09 00:00:00
283,284,Name 284,32.0,M,62685,CO,2020-10-10 00:00:00
284,285,Name 285,47.0,M,$70639,VA,2020-10-11 00:00:00
285,286,Name 286,43.0,F,50205,OR,2020-10-12 00:00:00
286,287, Name 287 ,23.0,F,65031,ca,2020-10-13 00:00:00
287,288,Name 288,61.0,,82504,VA,2020-14-10
288,289,Name 289,35.0,F,$93501,CO,2020-15-10
289,290,Name 290,63.0,M,$46440,MD,2020-10-16 00:00:00
290,291,Name 291,54.0,M,75576,HI,2020-10-17 00:00:00
291,292,Name 292,-43.0,M,-32642,WV,2020-10-18 00:00:00
292,293,Name 293,24.0,Male,$72031,IA,2020-10-19 00:00:00
293,294,Name 294,26.0,F,32821,or,2020-10-20 00:00:00
294,295,Name 295,31.0,F,117257,AZ,2020-10-21 00:00:00
295,296,Name 296,39.0,M,32400,MO,2020-22-10
296,297,Name 297,-44.0,F,-94881,NE,2020-10-23 00:00:00
297,298,Name 298,27.0,M,90334,nh,2020-10-24 00:00:00
298,299,Name 299,-65.0,F,-50595,ID,2020-10-25 00:00:00
299,300,Name 300,54.0,M,47438,GA,2020-26-10
300,301,Name 301,59.0,F,65834,NV,2020-10-27 00:00:00
301,302,Name 302,20.0,F,92802,HI,2020-10-28 00:00:00
302,303,Name 303,37.0,Male,82943,NC,2020-10-29 00:00:00
303,304,Name 304,-45.0,F,-83439,HI,2020-10-30 00:00:00
304,305,Name 305,57.0,M,75294,MA,2020-10-31 00:00:00
305,306,Name 306,47.0,M,45708,RI,2020-11-01 00:00:00
306,307,Name 307,29.0,F,86537,MI,2020-11-02 00:00:00
307,308,Name 308,39.0,F,$77139,MI,2020-11-03 00:00:00
308,309, Name 309 ,49.0,F,52741,IA,2020-11-04 00:00:00
309,310,Name 310,52.0,F,103155,OR,2020-11-05 00:00:00
310,311,Name 311,57.0,M,102701,WV,2020-11-06 00:00:00
311,312,Name 312,20.0,John,49737,Oregon,2020-11-07 00:00:00
312,313,Name 313,-2.0,M,-116974,NV,2020-11-08 00:00:00
313,314,Name 314,49.0,M,31410,MS,2020-11-09 00:00:00
314,315,Name 315,36.0,M,103200,NJ,2020-11-10 00:00:00
315,316,Name 316,24.0,M,106854,NJ,2020-11-11 00:00:00
316,317,Name 317,29.0,John,88381,Missouri,2020-11-12 00:00:00
317,318,Name 318,19.0,F,95254,ME,2020-11-13 00:00:00
318,319, Name 319 ,-52.0,M,-70961,NH,2020-11-14 00:00:00
319,320,Name 320,52.0,M,77720,ID,2020-11-15 00:00:00
320,321,Name 321,60.0,Female,107816,NM,2020-11-16 00:00:00
321,322,Name 322,19.0,M,48231,NM,2020-11-17 00:00:00
322,323,Name 323,46.0,M,57820,WI,2020-11-18 00:00:00
323,324,Name 324,54.0,M,44904,UT,2020-11-19 00:00:00
324,325,Name 325,56.0,M,90215,CA,2020-20-11
325,326,Name 326,36.0,Male,$59713,MA,2020-11-21 00:00:00
326,327,Name 327,31.0,F,32320,WV,2020-11-22 00:00:00
327,328,Name 328,48.0,Male,75457,IL,2020-23-11
328,329,Name 329,56.0,M,30531,Texas,2020-11-24 00:00:00
329,330,Name 330,18.0,M,82429,OR,2020-11-25 00:00:00
330,331,Name 331,41.0,F,97033,VT,2020-11-26 00:00:00
331,332,Name 332,60.0,F,72243,MT,2020-11-27 00:00:00
332,333, Name 333 ,30.0,M,56165,ID,2020-11-28 00:00:00
333,334,Name 334,62.0,F,44156,OK,2020-11-29 00:00:00
334,335,Name 335,-42.0,F,-119019,MI,2020-11-30 00:00:00
335,336,Name 336,57.0,M,100228,IL,2020-12-01 00:00:00
336,337,Name 337,22.0,M,42429,AZ,2020-12-02 00:00:00
337,338,Name 338,52.0,F,74460,TX,2020-12-03 00:00:00
338,339, Name 339 ,29.0,F,76122,Mississippi,2020-12-04 00:00:00
339,340,Name 340,37.0,F,$98871,MT,2020-05-12
340,341,Name 341,34.0,M,96699,WV,2020-12-06 00:00:00
341,342,Name 342,62.0,F,93863,Georgia,2020-12-07 00:00:00
342,343,Name 343,44.0,F,49291,SC,2020-12-08 00:00:00
343,344,Name 344,35.0,F,72473,Pennsylvania,2020-12-09 00:00:00
344,345,Name 345,50.0,Female,43880,SC,2020-12-10 00:00:00
345,346,Name 346,36.0,Female,103907,SC,2020-11-12
346,347,Name 347,34.0,Male,49738,IA,2020-12-12 00:00:00
347,348,Name 348,37.0,M,44407,TN,2020-12-13 00:00:00
348,349,Name 349,46.0,M,51824,ca,2020-14-12
349,350,Name 350,42.0,M,96395,FL,2020-12-15 00:00:00
350,351,Name 351,51.0,M,53302,WV,2020-12-16 00:00:00
351,352,Name 352,22.0,F,88965,KY,2020-12-17 00:00:00
352,353,Name 353,24.0,M,106923,CT,2020-12-18 00:00:00
353,354,Name 354,46.0,F,83783,AZ,2020-12-19 00:00:00
354,355,Name 355,51.0,M,76173,UT,2020-12-20 00:00:00
355,356,Name 356,63.0,John,$104407,NM,2020-12-21 00:00:00
356,357,Name 357,61.0,John,73261,FL,2020-12-22 00:00:00
357,358,Name 358,36.0,F,104041,Oregon,2020-12-23 00:00:00
358,359,Name 359,34.0,M,$87959,NY,2020-24-12
359,360,Name 360,39.0,F,$78156,Idaho,2020-12-25 00:00:00
360,361,Name 361,59.0,F,39208,ID,2020-12-26 00:00:00
361,362,Name 362,22.0,F,54127,CT,2020-12-27 00:00:00
362,363,Name 363,55.0,F,46037,TX,2020-12-28 00:00:00
363,364,Name 364,59.0,M,50264,tn,2020-12-29 00:00:00
364,365,Name 365,56.0,F,115299,NH,2020-12-30 00:00:00
365,366,Name 366,55.0,M,39294,mo,2020-12-31 00:00:00
366,367,Name 367,-25.0,F,-88696,IA,2021-01-01 00:00:00
367,368,Name 368,39.0,F,72219,mo,2021-01-02 00:00:00
368,369,Name 369,64.0,F,$45438,SD,2021-03-01
369,370,Name 370,-58.0,M,-78154,HI,2021-01-04 00:00:00
370,371,Name 371,37.0,M,78868,NJ,2021-01-05 00:00:00
371,372,Name 372,-58.0,M,-45243,NE,2021-01-06 00:00:00
372,373, Name 373 ,62.0,M,47680,CO,2021-01-07 00:00:00
373,374,Name 374,35.0,M,95943,MT,2021-01-08 00:00:00
374,375,Name 375,-46.0,F,-107353,NM,2021-09-01
375,376,Name 376,-24.0,M,-72977,TX,2021-01-10 00:00:00
376,377,Name 377,30.0,F,96787,SC,2021-01-11 00:00:00
377,378,Name 378,61.0,M,117821,VA,2021-01-12 00:00:00
378,379, Name 379 ,25.0,M,95938,SC,2021-01-13 00:00:00
379,380,Name 380,26.0,M,37094,AL,2021-01-14 00:00:00
380,381,Name 381,23.0,F,111637,TX,2021-01-15 00:00:00
381,382,Name 382,23.0,F,59936,MI,2021-01-16 00:00:00
382,383,Name 383,23.0,F,46518,nh,2021-01-17 00:00:00
383,384,Name 384,29.0,F,36650,HI,2021-01-18 00:00:00
384,385,Name 385,60.0,M,75588,HI,2021-01-19 00:00:00
385,386,Name 386,40.0,M,$91990,OR,2021-01-20 00:00:00
386,387,Name 387,-34.0,M,-55289,KY,2021-01-21 00:00:00
387,388,Name 388,55.0,M,108078,MO,2021-01-22 00:00:00
388,389,Name 389,18.0,Female,65856,ND,2021-01-23 00:00:00
389,390, Name 390 ,50.0,F,112885,MD,2021-01-24 00:00:00
390,391,Name 391,35.0,F,49447,AK,2021-01-25 00:00:00
391,392,Name 392,49.0,F,105306,CT,2021-26-01
392,393,Name 393,28.0,F,96204,MD,2021-01-27 00:00:00
393,394,Name 394,31.0,M,$92760,MI,2021-01-28 00:00:00
394,395,Name 395,60.0,Female,51191,UT,2021-01-29 00:00:00
395,396,Name 396,49.0,M,58767,CA,2021-01-30 00:00:00
396,397,Name 397,48.0,M,36317,ga,2021-01-31 00:00:00
397,398,Name 398,46.0,M,78157,AK,2021-02-01 00:00:00
398,399,Name 399,26.0,F,70336,VT,2021-02-02 00:00:00
399,400,Name 400,-50.0,M,-30439,FL,2021-02-03 00:00:00
400,401,Name 401,31.0,M,$58591,VT,2021-02-04 00:00:00
401,402,Name 402,57.0,Female,108892,WY,2021-02-05 00:00:00
402,403,Name 403,32.0,F,34014,WI,2021-02-06 00:00:00
403,404, Name 404 ,39.0,John,102257,KY,2021-02-07 00:00:00
404,405,Name 405,-33.0,M,-86339,FL,2021-02-08 00:00:00
405,406,Name 406,-58.0,Female,-85276,UT,2021-02-09 00:00:00
406,407,Name 407,49.0,M,$88479,NC,2021-02-10 00:00:00
407,408,Name 408,49.0,F,112926,KS,2021-11-02
408,409,Name 409,23.0,M,55317,Georgia,2021-02-12 00:00:00
409,410,Name 410,54.0,M,$66445,KY,2021-02-13 00:00:00
410,411,Name 411,25.0,M,59549,Michigan,2021-02-14 00:00:00
411,412,Name 412,52.0,F,81410,TX,2021-02-15 00:00:00
412,413,Name 413,62.0,F,40843,NE,2021-02-16 00:00:00
413,414,Name 414,-63.0,F,-99464,Idaho,2021-02-17 00:00:00
414,415,Name 415,40.0,F,91861,ct,2021-02-18 00:00:00
415,416,Name 416,31.0,F,81072,AR,2021-02-19 00:00:00
416,417, Name 417 ,55.0,F,87138,MT,2021-02-20 00:00:00
417,418,Name 418,26.0,F,62281,,2021-02-21 00:00:00
418,419,Name 419,59.0,Male,53047,MD,2021-02-22 00:00:00
419,420,Name 420,28.0,M,73013,oh,2021-02-23 00:00:00
420,421,Name 421,48.0,F,68366,KY,2021-02-24 00:00:00
421,422,Name 422,51.0,M,107134,HI,2021-02-25 00:00:00
422,423,Name 423,48.0,John,108748,mt,2021-02-26 00:00:00
423,424,Name 424,32.0,M,45283,UT,2021-02-27 00:00:00
424,425,Name 425,55.0,F,77542,IL,2021-02-28 00:00:00
425,426,Name 426,61.0,M,36804,Iowa,2021-03-01 00:00:00
426,427, Name 427 ,55.0,M,95064,ME,2021-03-02 00:00:00
427,428,Name 428,63.0,F,$111193,UT,2021-03-03 00:00:00
428,429,Name 429,36.0,M,83989,WY,2021-03-04 00:00:00
429,430,Name 430,-43.0,Male,-76329,CO,2021-03-05 00:00:00
430,431, Name 431 ,38.0,M,95934,MA,2021-03-06 00:00:00
431,432,Name 432,62.0,F,79446,illinois,2021-03-07 00:00:00
432,433,Name 433,56.0,F,48325,KS,2021-08-03
433,434,Name 434,31.0,F,65428,TX,2021-03-09 00:00:00
434,435,Name 435,30.0,F,38625,WV,2021-03-10 00:00:00
435,436,Name 436,21.0,F,86643,SC,2021-03-11 00:00:00
436,437,Name 437,28.0,M,74369,HI,2021-03-12 00:00:00
437,438,Name 438,32.0,M,37850,ME,2021-03-13 00:00:00
438,439,Name 439,44.0,M,84437,PA,2021-03-14 00:00:00
439,440,Name 440,25.0,Female,90261,NY,2021-03-15 00:00:00
440,441,Name 441,45.0,F,$90013,OR,2021-03-16 00:00:00
441,442,Name 442,44.0,F,108405,ca,2021-17-03
442,443,Name 443,37.0,M,113748,GA,2021-03-18 00:00:00
443,444,Name 444,22.0,M,87838,AK,2021-03-19 00:00:00
444,445,Name 445,58.0,M,63296,wv,2021-03-20 00:00:00
445,446,Name 446,55.0,F,65078,MT,2021-03-21 00:00:00
446,447,Name 447,20.0,M,67177,AR,2021-03-22 00:00:00
447,448,Name 448,46.0,M,63307,SD,2021-03-23 00:00:00
448,449,Name 449,22.0,M,74788,ND,2021-03-24 00:00:00
449,450,Name 450,24.0,M,104215,MA,2021-03-25 00:00:00
450,451,Name 451,30.0,M,43597,il,2021-03-26 00:00:00
451,452,Name 452,54.0,M,$101452,AR,2021-03-27 00:00:00
452,453,Name 453,43.0,M,80512,MO,2021-03-28 00:00:00
453,454, Name 454 ,21.0,F,99693,NJ,2021-03-29 00:00:00
454,455,Name 455,52.0,M,108920,KS,2021-03-30 00:00:00
455,456,Name 456,54.0,Female,88449,AZ,2021-03-31 00:00:00
456,457,Name 457,56.0,M,86115,AR,2021-01-04
457,458,Name 458,63.0,M,116472,NJ,2021-04-02 00:00:00
458,459,Name 459,51.0,Male,45785,NE,2021-04-03 00:00:00
459,460,Name 460,21.0,F,$69029,NH,2021-04-04 00:00:00
460,461,Name 461,25.0,F,106833,Pennsylvania,2021-04-05 00:00:00
461,462,Name 462,34.0,F,43955,OH,2021-04-06 00:00:00
462,463, Name 463 ,18.0,F,40019,HI,2021-04-07 00:00:00
463,464,Name 464,-33.0,M,-74928,Indiana,2021-04-08 00:00:00
464,465,Name 465,26.0,M,103176,SC,2021-04-09 00:00:00
465,466,Name 466,28.0,F,74531,NJ,2021-04-10 00:00:00
466,467,Name 467,20.0,M,61279,VA,2021-04-11 00:00:00
467,468, Name 468 ,51.0,M,$109435,new mexico,2021-04-12 00:00:00
468,469,Name 469,56.0,M,64945,HI,2021-04-13 00:00:00
469,470,Name 470,25.0,M,119886,ks,2021-04-14 00:00:00
470,471,Name 471,46.0,F,32138,MD,2021-04-15 00:00:00
471,472,Name 472,32.0,F,90477,AZ,2021-04-16 00:00:00
472,473,Name 473,39.0,F,96447,Missouri,2021-04-17 00:00:00
473,474,Name 474,-16.0,F,-87056,co,2021-04-18 00:00:00
474,475,Name 475,53.0,F,89181,GA,2021-04-19 00:00:00
475,476,Name 476,31.0,M,$109311,SC,2021-20-04
476,477,Name 477,53.0,M,60067,MN,2021-21-04
477,478,Name 478,57.0,F,65612,KY,2021-04-22 00:00:00
478,479,Name 479,37.0,F,39421,TX,2021-04-23 00:00:00
479,480,Name 480,41.0,F,112126,MD,2021-04-24 00:00:00
480,481,Name 481,55.0,M,50252,DE,2021-04-25 00:00:00
481,482,Name 482,47.0,M,98832,VA,2021-04-26 00:00:00
482,483,Name 483,47.0,F,53384,tn,2021-04-27 00:00:00
483,484,Name 484,-17.0,F,-108765,NC,2021-04-28 00:00:00
484,485,Name 485,53.0,F,114750,MD,2021-04-29 00:00:00
485,486,Name 486,64.0,M,84350,Alaska,2021-04-30 00:00:00
486,487,Name 487,22.0,F,69922,CO,2021-05-01 00:00:00
487,488, Name 488 ,32.0,M,97496,nj,2021-05-02 00:00:00
488,489,Name 489,24.0,F,110994,NV,2021-05-03 00:00:00
489,490,Name 490,54.0,M,34910,TX,2021-05-04 00:00:00
490,491,Name 491,22.0,M,45898,CA,2021-05-05 00:00:00
491,492,Name 492,54.0,F,39248,CO,2021-06-05
492,493,Name 493,27.0,M,36645,MN,2021-05-07 00:00:00
493,494,Name 494,29.0,M,87684,IN,2021-05-08 00:00:00
494,495,Name 495,56.0,F,111549,VT,2021-05-09 00:00:00
495,496,Name 496,-54.0,F,-57063,AR,2021-05-10 00:00:00
496,497,Name 497,36.0,Female,109321,MA,2021-05-11 00:00:00
497,498,Name 498,48.0,M,89909,IN,2021-05-12 00:00:00
498,499,Name 499,-58.0,M,-57831,VA,2021-13-05
499,500,Name 500,45.0,M,58713,IA,2021-05-14 00:00:00
500,501,Name 501,18.0,M,109831,TN,2021-15-05
501,502, Name 502 ,39.0,M,97134,LA,2021-05-16 00:00:00
502,503,Name 503,20.0,M,56608,NM,2021-05-17 00:00:00
503,504,Name 504,38.0,M,50342,VA,2021-05-18 00:00:00
504,505,Name 505,44.0,F,85595,OK,2021-05-19 00:00:00
505,506, Name 506 ,52.0,M,119481,al,2021-05-20 00:00:00
506,507, Name 507 ,29.0,F,109000,MN,2021-05-21 00:00:00
507,508,Name 508,41.0,M,93822,OR,2021-05-22 00:00:00
508,509,Name 509,33.0,M,107382,North Carolina,2021-23-05
509,510,Name 510,63.0,F,86562,MS,2021-24-05
510,511,Name 511,64.0,John,113052,TN,2021-05-25 00:00:00
511,512,Name 512,62.0,F,90980,Arkansas,2021-26-05
512,513,Name 513,42.0,F,103495,West Virginia,2021-27-05
513,514,Name 514,58.0,F,103322,AZ,2021-05-28 00:00:00
514,515,Name 515,45.0,M,37135,FL,2021-05-29 00:00:00
515,516,Name 516,40.0,F,108895,UT,2021-05-30 00:00:00
516,517,Name 517,57.0,F,70222,NC,2021-05-31 00:00:00
517,518, Name 518 ,36.0,F,31665,AZ,2021-06-01 00:00:00
518,519,Name 519,30.0,F,81715,MD,2021-06-02 00:00:00
519,520,Name 520,-39.0,F,-61561,nd,2021-06-03 00:00:00
520,521,Name 521,-42.0,F,-99972,MD,2021-06-04 00:00:00
521,522,Name 522,26.0,F,$68450,New Jersey,2021-06-05 00:00:00
522,523,Name 523,26.0,F,103778,ct,2021-06-06
523,524,Name 524,60.0,F,33666,md,2021-06-07 00:00:00
524,525,Name 525,51.0,F,40925,CA,2021-06-08 00:00:00
525,526,Name 526,41.0,M,49894,New Jersey,2021-06-09 00:00:00
526,527, Name 527 ,37.0,Female,44012,NY,2021-06-10 00:00:00
527,528,Name 528,51.0,M,116813,CA,2021-06-11 00:00:00
528,529,Name 529,31.0,M,43318,ND,2021-06-12 00:00:00
529,530,Name 530,32.0,M,115003,NE,2021-06-13 00:00:00
530,531,Name 531,-20.0,F,-30191,IL,2021-06-14 00:00:00
531,532,Name 532,27.0,M,86815,AZ,2021-06-15 00:00:00
532,533,Name 533,-50.0,F,-94708,NM,2021-06-16 00:00:00
533,534,Name 534,31.0,F,118523,NV,2021-06-17 00:00:00
534,535,Name 535,53.0,F,107065,NE,2021-06-18 00:00:00
535,536,Name 536,24.0,M,42428,WV,2021-19-06
536,537,Name 537,26.0,M,116092,MA,2021-06-20 00:00:00
537,538,Name 538,37.0,F,113372,ut,2021-06-21 00:00:00
538,539,Name 539,25.0,F,73634,HI,2021-06-22 00:00:00
539,540,Name 540,28.0,M,96931,NY,2021-06-23 00:00:00
540,541, Name 541 ,20.0,M,56134,NY,2021-06-24 00:00:00
541,542,Name 542,-34.0,M,-114837,AR,2021-06-25 00:00:00
542,543,Name 543,44.0,M,34547,New Jersey,2021-06-26 00:00:00
543,544,Name 544,50.0,F,82466,ct,2021-06-27 00:00:00
544,545,Name 545,60.0,F,112110,nv,2021-06-28 00:00:00
545,546,Name 546,24.0,M,109507,ND,2021-06-29 00:00:00
546,547,Name 547,54.0,M,106958,AK,2021-06-30 00:00:00
547,548, Name 548 ,45.0,F,101816,AL,2021-07-01 00:00:00
548,549,Name 549,19.0,M,56943,KY,2021-07-02 00:00:00
549,550,Name 550,-11.0,F,-42698,SC,2021-07-03 00:00:00
550,551,Name 551,-45.0,M,-73661,NJ,2021-07-04 00:00:00
551,552,Name 552,61.0,M,114370,WV,2021-05-07
552,553,Name 553,55.0,F,86619,Louisiana,2021-07-06 00:00:00
553,554,Name 554,28.0,F,88272,WY,2021-07-07 00:00:00
554,555, Name 555 ,47.0,M,109471,South Dakota,2021-07-08 00:00:00
555,556,Name 556,48.0,Female,37580,ND,2021-07-09 00:00:00
556,557,Name 557,-47.0,F,-76541,DE,2021-07-10 00:00:00
557,558,Name 558,31.0,F,$67800,FL,2021-07-11 00:00:00
558,559,Name 559,25.0,M,66352,HI,2021-12-07
559,560,Name 560,29.0,M,66188,MA,2021-07-13 00:00:00
560,561,Name 561,49.0,Male,55918,MI,2021-07-14 00:00:00
561,562, Name 562 ,49.0,F,56917,tn,2021-07-15 00:00:00
562,563,Name 563,-14.0,M,-92853,MA,2021-07-16 00:00:00
563,564,Name 564,37.0,M,82101,PA,2021-07-17 00:00:00
564,565,Name 565,37.0,F,70002,AL,2021-18-07
565,566,Name 566,22.0,M,90470,PA,2021-07-19 00:00:00
566,567,Name 567,35.0,M,61018,OK,2021-07-20 00:00:00
567,568,Name 568,47.0,F,40940,TX,2021-07-21 00:00:00
568,569,Name 569,-16.0,M,-76119,NM,2021-07-22 00:00:00
569,570,Name 570,58.0,M,113119,ks,2021-07-23 00:00:00
570,571, Name 571 ,33.0,M,91998,MI,2021-07-24 00:00:00
571,572,Name 572,55.0,Male,52494,ND,2021-07-25 00:00:00
572,573,Name 573,30.0,M,103737,sd,2021-26-07
573,574,Name 574,21.0,M,66265,ks,2021-07-27 00:00:00
574,575, Name 575 ,34.0,F,$110493,OK,2021-07-28 00:00:00
575,576,Name 576,31.0,M,77653,MN,2021-07-29 00:00:00
576,577,Name 577,29.0,F,$115001,West Virginia,2021-07-30 00:00:00
577,578,Name 578,22.0,M,78372,South Carolina,2021-07-31 00:00:00
578,579,Name 579,60.0,F,71460,DE,2021-08-01 00:00:00
579,580,Name 580,50.0,M,83656,RI,2021-02-08
580,581,Name 581,63.0,F,111433,NV,2021-08-03 00:00:00
581,582,Name 582,30.0,M,$56112,ct,2021-04-08
582,583,Name 583,-18.0,M,-72404,vt,2021-08-05 00:00:00
583,584, Name 584 ,58.0,F,65784,MD,2021-06-08
584,585,Name 585,-23.0,M,-93006,New Hampshire,2021-08-07 00:00:00
585,586, Name 586 ,29.0,F,63658,NM,2021-08-08 00:00:00
586,587,Name 587,49.0,M,81118,CT,2021-08-09 00:00:00
587,588,Name 588,29.0,F,65783,ME,2021-08-10 00:00:00
588,589, Name 589 ,29.0,M,80797,WA,2021-08-11 00:00:00
589,590,Name 590,22.0,F,$92170,NM,2021-08-12 00:00:00
590,591,Name 591,62.0,M,116308,NJ,2021-08-13 00:00:00
591,592,Name 592,55.0,F,57144,TX,2021-08-14 00:00:00
592,593,Name 593,39.0,Female,32412,NV,2021-08-15 00:00:00
593,594,Name 594,46.0,F,67918,NJ,2021-08-16 00:00:00
594,595,Name 595,28.0,F,67982,NE,2021-08-17 00:00:00
595,596,Name 596,44.0,M,34211,LA,2021-08-18 00:00:00
596,597,Name 597,58.0,M,$40712,IL,2021-08-19 00:00:00
597,598,Name 598,-58.0,F,-111853,KS,2021-08-20 00:00:00
598,599,Name 599,21.0,F,101550,South Dakota,2021-08-21 00:00:00
599,600,Name 600,26.0,M,$118146,OH,2021-08-22 00:00:00
600,601,Name 601,27.0,F,74270,fl,2021-08-23 00:00:00
601,602,Name 602,57.0,F,118795,CT,2021-08-24 00:00:00
602,603,Name 603,33.0,F,90725,NH,2021-08-25 00:00:00
603,604,Name 604,48.0,M,102608,NH,2021-08-26 00:00:00
604,605,Name 605,18.0,M,72649,RI,2021-08-27 00:00:00
605,606,Name 606,45.0,F,88059,CT,2021-08-28 00:00:00
606,607,Name 607,47.0,F,78861,CO,2021-08-29 00:00:00
607,608,Name 608,63.0,F,111194,MA,2021-08-30 00:00:00
608,609,Name 609,35.0,F,110543,WA,2021-08-31 00:00:00
609,610,Name 610,64.0,M,61518,tx,2021-09-01 00:00:00
610,611,Name 611,52.0,Female,38395,,2021-09-02 00:00:00
611,612,Name 612,30.0,M,110414,SC,2021-09-03 00:00:00
612,613,Name 613,59.0,F,75177,NH,2021-09-04 00:00:00
613,614,Name 614,51.0,F,84331,NC,2021-09-05 00:00:00
614,615,Name 615,64.0,F,107596,IL,2021-09-06 00:00:00
615,616,Name 616,35.0,F,89032,IN,2021-09-07 00:00:00
616,617,Name 617,62.0,F,70155,NC,2021-09-08 00:00:00
617,618,Name 618,54.0,F,86999,NV,2021-09-09 00:00:00
618,619,Name 619,44.0,M,58701,Kentucky,2021-09-10 00:00:00
619,620,Name 620,51.0,M,58568,RI,2021-09-11 00:00:00
620,621,Name 621,53.0,F,69890,NE,2021-09-12 00:00:00
621,622,Name 622,39.0,F,47000,MT,2021-09-13 00:00:00
622,623,Name 623,51.0,F,60888,VT,2021-14-09
623,624, Name 624 ,26.0,F,37905,DE,2021-09-15 00:00:00
624,625,Name 625,19.0,M,39464,AR,2021-09-16 00:00:00
625,626,Name 626,28.0,F,103180,NY,2021-17-09
626,627,Name 627,51.0,F,$72599,WY,2021-09-18 00:00:00
627,628,Name 628,64.0,M,31890,ar,2021-09-19 00:00:00
628,629,Name 629,47.0,F,68716,MA,2021-09-20 00:00:00
629,630,Name 630,18.0,M,51716,AR,2021-09-21 00:00:00
630,631,Name 631,39.0,M,100995,NV,2021-09-22 00:00:00
631,632,Name 632,47.0,Female,52207,ME,2021-09-23 00:00:00
632,633,Name 633,50.0,Female,67495,FL,2021-09-24 00:00:00
633,634,Name 634,30.0,M,108215,Alaska,2021-09-25 00:00:00
634,635,Name 635,57.0,F,39701,KS,2021-09-26 00:00:00
635,636,Name 636,53.0,F,34162,WI,2021-09-27 00:00:00
636,637,Name 637,34.0,M,92822,GA,2021-09-28 00:00:00
637,638,Name 638,40.0,M,63258,VT,2021-09-29 00:00:00
638,639, Name 639 ,32.0,F,73235,pa,2021-30-09
639,640,Name 640,23.0,F,74565,ia,2021-01-10
640,641,Name 641,55.0,M,77676,GA,2021-10-02 00:00:00
641,642,Name 642,28.0,M,38181,ID,2021-03-10
642,643,Name 643,31.0,F,$35251,AR,2021-10-04 00:00:00
643,644,Name 644,46.0,M,103267,WA,2021-10-05 00:00:00
644,645,Name 645,28.0,M,69524,ME,2021-10-06 00:00:00
645,646,Name 646,59.0,M,37451,WY,2021-10-07 00:00:00
646,647,Name 647,28.0,F,112361,NM,2021-10-08 00:00:00
647,648,Name 648,26.0,F,82984,RI,2021-10-09 00:00:00
648,649,Name 649,60.0,F,76190,UT,2021-10-10 00:00:00
649,650,Name 650,-17.0,M,-53211,WY,2021-10-11 00:00:00
650,651,Name 651,25.0,F,99828,ND,2021-10-12 00:00:00
651,652, Name 652 ,34.0,M,66472,AK,2021-10-13 00:00:00
652,653,Name 653,32.0,John,45564,Vermont,2021-10-14 00:00:00
653,654,Name 654,39.0,M,103129,OR,2021-10-15 00:00:00
654,655,Name 655,35.0,F,114040,CO,2021-10-16 00:00:00
655,656,Name 656,64.0,M,36020,LA,2021-17-10
656,657,Name 657,33.0,John,74893,AZ,2021-10-18 00:00:00
657,658,Name 658,42.0,F,104595,WY,2021-10-19 00:00:00
658,659,Name 659,56.0,F,46051,NC,2021-10-20 00:00:00
659,660,Name 660,24.0,Male,61301,SC,2021-10-21 00:00:00
660,661,Name 661,32.0,Male,$80305,KY,2021-10-22 00:00:00
661,662,Name 662,19.0,M,63938,SD,2021-23-10
662,663,Name 663,57.0,M,67085,NC,2021-10-24 00:00:00
663,664,Name 664,25.0,Male,30825,Illinois,2021-10-25 00:00:00
664,665,Name 665,43.0,M,106063,KY,2021-10-26 00:00:00
665,666,Name 666,59.0,M,114026,MA,2021-10-27 00:00:00
666,667,Name 667,-14.0,F,-59225,OR,2021-10-28 00:00:00
667,668,Name 668,31.0,M,102073,NY,2021-10-29 00:00:00
668,669,Name 669,30.0,F,77097,NC,2021-10-30 00:00:00
669,670,Name 670,47.0,F,78714,NH,2021-10-31 00:00:00
670,671,Name 671,29.0,M,109358,IL,2021-11-01 00:00:00
671,672,Name 672,51.0,F,118853,RI,2021-11-02 00:00:00
672,673,Name 673,61.0,M,72868,NV,2021-11-03 00:00:00
673,674,Name 674,40.0,F,$74971,oh,2021-11-04 00:00:00
674,675,Name 675,48.0,F,107044,VA,2021-11-05 00:00:00
675,676,Name 676,52.0,M,69618,SD,2021-11-06 00:00:00
676,677,Name 677,64.0,F,98674,wy,2021-11-07 00:00:00
677,678,Name 678,41.0,M,43662,WV,2021-11-08 00:00:00
678,679,Name 679,-28.0,F,-93817,MT,2021-11-09 00:00:00
679,680,Name 680,62.0,M,78815,CT,2021-11-10 00:00:00
680,681, Name 681 ,18.0,M,$86808,KY,2021-11-11 00:00:00
681,682,Name 682,62.0,M,109865,WY,2021-12-11
682,683,Name 683,-41.0,M,-100817,AL,2021-11-13 00:00:00
683,684,Name 684,35.0,F,90211,DE,2021-11-14 00:00:00
684,685,Name 685,41.0,M,46218,Georgia,2021-11-15 00:00:00
685,686,Name 686,61.0,M,$96568,south dakota,2021-11-16 00:00:00
686,687,Name 687,20.0,Male,95195,ID,2021-11-17 00:00:00
687,688,Name 688,62.0,F,$48188,OH,2021-11-18 00:00:00
688,689,Name 689,60.0,M,111777,KS,2021-11-19 00:00:00
689,690,Name 690,23.0,F,105067,SC,2021-11-20 00:00:00
690,691,Name 691,32.0,M,89758,KS,2021-11-21 00:00:00
691,692,Name 692,40.0,F,100474,ID,2021-11-22 00:00:00
692,693,Name 693,27.0,M,38708,AZ,2021-23-11
693,694,Name 694,-43.0,F,-70667,ND,2021-11-24 00:00:00
694,695,Name 695,28.0,Female,94151,md,2021-11-25 00:00:00
695,696,Name 696,50.0,F,57889,MI,2021-11-26 00:00:00
696,697,Name 697,60.0,F,43587,NE,2021-11-27 00:00:00
697,698,Name 698,48.0,M,43381,PA,2021-11-28 00:00:00
698,699,Name 699,18.0,M,68872,IL,2021-11-29 00:00:00
699,700,Name 700,48.0,Male,54423,AZ,2021-11-30 00:00:00
700,701,Name 701,44.0,F,55468,KY,2021-12-01 00:00:00
701,702,Name 702,51.0,M,106673,GA,2021-12-02 00:00:00
702,703,Name 703,24.0,M,111618,AL,2021-12-03 00:00:00
703,704,Name 704,57.0,M,67756,IA,2021-12-04 00:00:00
704,705,Name 705,-42.0,F,-86618,IA,2021-12-05 00:00:00
705,706,Name 706,61.0,M,52132,NJ,2021-12-06 00:00:00
706,707,Name 707,58.0,F,108227,WV,2021-12-07 00:00:00
707,708,Name 708,49.0,F,85484,OR,2021-12-08 00:00:00
708,709,Name 709,31.0,F,74589,WA,2021-12-09 00:00:00
709,710,Name 710,49.0,F,66177,WA,2021-12-10 00:00:00
710,711,Name 711,40.0,M,$110234,PA,2021-12-11 00:00:00
711,712,Name 712,-61.0,M,-105504,MO,2021-12-12 00:00:00
712,713,Name 713,48.0,John,67692,North Dakota,2021-12-13 00:00:00
713,714,Name 714,55.0,M,$99610,MA,2021-12-14 00:00:00
714,715,Name 715,39.0,M,84032,VT,2021-12-15 00:00:00
715,716, Name 716 ,53.0,M,$45719,AL,2021-12-16 00:00:00
716,717, Name 717 ,51.0,M,41784,MA,2021-12-17 00:00:00
717,718,Name 718,27.0,F,100277,TN,2021-12-18 00:00:00
718,719,Name 719,26.0,M,75182,RI,2021-12-19 00:00:00
719,720,Name 720,46.0,F,109662,ME,2021-12-20 00:00:00
720,721,Name 721,-22.0,M,-108831,VT,2021-12-21 00:00:00
721,722, Name 722 ,63.0,F,99366,AZ,2021-12-22 00:00:00
722,723,Name 723,29.0,M,$107281,GA,2021-12-23 00:00:00
723,724,Name 724,25.0,M,$69216,NM,2021-12-24 00:00:00
724,725,Name 725,-38.0,F,-37247,VT,2021-12-25 00:00:00
725,726,Name 726,59.0,M,30689,MT,2021-12-26 00:00:00
726,727,Name 727,61.0,M,60886,pa,2021-27-12
727,728, Name 728 ,32.0,M,46613,Montana,2021-12-28 00:00:00
728,729,Name 729,-53.0,F,-108873,WY,2021-12-29 00:00:00
729,730,Name 730,39.0,F,46751,GA,2021-12-30 00:00:00
730,731,Name 731,37.0,M,40967,ND,2021-12-31 00:00:00
731,732,Name 732,39.0,F,34280,VT,2022-01-01 00:00:00
732,733,Name 733,18.0,M,90306,MO,2022-01-02 00:00:00
733,734,Name 734,30.0,John,74557,OK,2022-03-01
734,735,Name 735,46.0,F,57622,MI,2022-01-04 00:00:00
735,736,Name 736,32.0,F,118272,MN,2022-01-05 00:00:00
736,737,Name 737,46.0,Male,107418,CO,2022-01-06 00:00:00
737,738,Name 738,43.0,M,111109,WA,2022-01-07 00:00:00
738,739, Name 739 ,32.0,M,47412,ky,2022-01-08 00:00:00
739,740,Name 740,25.0,F,47721,SC,2022-01-09 00:00:00
740,741,Name 741,64.0,F,64930,MD,2022-01-10 00:00:00
741,742,Name 742,-18.0,F,-43777,CT,2022-01-11 00:00:00
742,743, Name 743 ,30.0,John,54045,South Carolina,2022-01-12 00:00:00
743,744,Name 744,29.0,F,$84259,GA,2022-01-13 00:00:00
744,745, Name 745 ,41.0,F,56404,CT,2022-01-14 00:00:00
745,746,Name 746,33.0,F,77079,hawaii,2022-01-15 00:00:00
746,747, Name 747 ,27.0,F,89095,MT,2022-01-16 00:00:00
747,748,Name 748,28.0,Female,41801,CO,2022-01-17 00:00:00
748,749,Name 749,26.0,M,52517,ND,2022-01-18 00:00:00
749,750, Name 750 ,19.0,F,100005,TN,2022-01-19 00:00:00
750,751, Name 751 ,-65.0,M,-43868,OK,2022-20-01
751,752,Name 752,50.0,M,46348,AR,2022-01-21 00:00:00
752,753,Name 753,32.0,F,60625,MI,2022-01-22 00:00:00
753,754,Name 754,21.0,Male,65346,NV,2022-01-23 00:00:00
754,755,Name 755,59.0,F,52397,GA,2022-01-24 00:00:00
755,756,Name 756,57.0,M,38992,Alabama,2022-01-25 00:00:00
756,757,Name 757,30.0,M,52279,NH,2022-01-26 00:00:00
757,758,Name 758,53.0,M,112546,TX,2022-01-27 00:00:00
758,759,Name 759,32.0,M,96860,OK,2022-01-28 00:00:00
759,760,Name 760,48.0,M,97545,AZ,2022-01-29 00:00:00
760,761,Name 761,31.0,F,108506,ME,2022-01-30 00:00:00
761,762,Name 762,59.0,F,119487,WA,2022-01-31 00:00:00
762,763,Name 763,48.0,M,74248,IL,2022-02-01 00:00:00
763,764,Name 764,58.0,M,$87766,DE,2022-02-02 00:00:00
764,765,Name 765,-51.0,Female,-98342,OH,2022-02-03 00:00:00
765,766,Name 766,63.0,F,92828,SD,2022-02-04 00:00:00
766,767,Name 767,36.0,M,62085,MA,2022-02-05 00:00:00
767,768,Name 768,-48.0,M,-33381,SC,2022-02-06 00:00:00
768,769,Name 769,28.0,F,34634,WY,2022-02-07 00:00:00
769,770,Name 770,42.0,F,52079,MD,2022-02-08 00:00:00
770,771,Name 771,58.0,F,73425,HI,2022-02-09 00:00:00
771,772,Name 772,38.0,Female,46173,IL,2022-10-02
772,773,Name 773,47.0,M,$83120,IN,2022-02-11 00:00:00
773,774,Name 774,45.0,F,40050,GA,2022-12-02
774,775,Name 775,53.0,M,113532,IA,2022-02-13 00:00:00
775,776,Name 776,-29.0,Female,-33565,UT,2022-14-02
776,777,Name 777,29.0,M,116424,KY,2022-02-15 00:00:00
777,778,Name 778,26.0,F,117491,NV,2022-02-16 00:00:00
778,779,Name 779,20.0,F,49891,NH,2022-02-17 00:00:00
779,780,Name 780,64.0,F,59575,MA,2022-02-18 00:00:00
780,781,Name 781,27.0,F,41062,DE,2022-19-02
781,782,Name 782,28.0,M,90982,WA,2022-02-20 00:00:00
782,783,Name 783,64.0,M,45081,VA,2022-02-21 00:00:00
783,784,Name 784,32.0,F,46585,TN,2022-02-22 00:00:00
784,785,Name 785,47.0,M,51799,VT,2022-02-23 00:00:00
785,786,Name 786,61.0,M,32229,ga,2022-02-24 00:00:00
786,787,Name 787,52.0,F,38122,RI,2022-02-25 00:00:00
787,788,Name 788,43.0,Male,39014,TN,2022-02-26 00:00:00
788,789,Name 789,55.0,F,38173,MI,2022-02-27 00:00:00
789,790,Name 790,57.0,F,116229,NH,2022-02-28 00:00:00
790,791,Name 791,61.0,F,$89428,TX,2022-03-01 00:00:00
791,792,Name 792,61.0,M,$84838,VT,2022-03-02 00:00:00
792,793,Name 793,40.0,M,107061,VT,2022-03-03 00:00:00
793,794,Name 794,50.0,M,97024,MA,2022-03-04 00:00:00
794,795, Name 795 ,41.0,M,75783,Illinois,2022-03-05 00:00:00
795,796,Name 796,28.0,F,37070,ND,2022-03-06 00:00:00
796,797,Name 797,29.0,F,110519,KS,2022-03-07 00:00:00
797,798,Name 798,30.0,F,113529,MN,2022-03-08 00:00:00
798,799,Name 799,-24.0,F,-67162,Massachusetts,2022-03-09 00:00:00
799,800,Name 800,39.0,M,113356,MS,2022-03-10 00:00:00
800,801, Name 801 ,30.0,John,46129,WA,2022-03-11 00:00:00
801,802,Name 802,61.0,M,68043,MI,2022-03-12 00:00:00
802,803,Name 803,27.0,M,96835,SD,2022-03-13 00:00:00
803,804,Name 804,31.0,F,83203,ND,2022-03-14 00:00:00
804,805,Name 805,50.0,M,72505,TX,2022-03-15 00:00:00
805,806,Name 806,-61.0,M,-51899,wv,2022-03-16 00:00:00
806,807,Name 807,41.0,M,85232,AR,2022-03-17 00:00:00
807,808,Name 808,45.0,M,$46193,New Mexico,2022-03-18 00:00:00
808,809,Name 809,34.0,M,54281,New York,2022-03-19 00:00:00
809,810,Name 810,37.0,Male,47719,IL,2022-03-20 00:00:00
810,811,Name 811,-60.0,M,-119547,KY,2022-03-21 00:00:00
811,812,Name 812,45.0,M,41113,NM,2022-03-22 00:00:00
812,813,Name 813,55.0,M,116782,NH,2022-23-03
813,814,Name 814,44.0,F,61976,MS,2022-03-24 00:00:00
814,815,Name 815,24.0,M,93325,GA,2022-03-25 00:00:00
815,816, Name 816 ,42.0,M,102293,ID,2022-03-26 00:00:00
816,817,Name 817,52.0,F,38424,New Hampshire,2022-03-27 00:00:00
817,818,Name 818,21.0,M,32934,IL,2022-03-28 00:00:00
818,819,Name 819,-31.0,M,-36327,west virginia,2022-03-29 00:00:00
819,820,Name 820,51.0,F,93175,NC,2022-03-30 00:00:00
820,821,Name 821,26.0,M,39421,OR,2022-03-31 00:00:00
821,822,Name 822,39.0,M,70053,NV,2022-04-01 00:00:00
822,823, Name 823 ,39.0,M,97858,IL,2022-04-02 00:00:00
823,824,Name 824,-62.0,F,-74881,Georgia,2022-04-03 00:00:00
824,825,Name 825,38.0,M,67542,WY,2022-04-04 00:00:00
825,826,Name 826,33.0,F,69071,RI,2022-04-05 00:00:00
826,827,Name 827,47.0,John,42691,DE,2022-04-06 00:00:00
827,828,Name 828,27.0,M,$69490,WA,2022-04-07 00:00:00
828,829,Name 829,58.0,F,62765,UT,2022-04-08 00:00:00
829,830,Name 830,-1.0,Female,-110860,Utah,2022-04-09 00:00:00
830,831,Name 831,43.0,M,99897,MT,2022-04-10 00:00:00
831,832, Name 832 ,24.0,F,45358,MI,2022-04-11 00:00:00
832,833, Name 833 ,50.0,F,36437,ny,2022-04-12 00:00:00
833,834,Name 834,28.0,F,99586,NV,2022-04-13 00:00:00
834,835,Name 835,55.0,F,97687,Nebraska,2022-04-14 00:00:00
835,836,Name 836,63.0,F,33258,ga,2022-04-15 00:00:00
836,837,Name 837,23.0,F,$32305,NC,2022-04-16 00:00:00
837,838,Name 838,-6.0,F,-53573,OK,2022-04-17 00:00:00
838,839,Name 839,37.0,M,53838,MA,2022-04-18 00:00:00
839,840,Name 840,34.0,F,35885,AK,2022-04-19 00:00:00
840,841,Name 841,-50.0,F,-63616,ME,2022-04-20 00:00:00
841,842,Name 842,53.0,M,45769,Florida,2022-04-21 00:00:00
842,843,Name 843,47.0,F,61099,WA,2022-04-22 00:00:00
843,844,Name 844,63.0,M,89155,MT,2022-04-23 00:00:00
844,845, Name 845 ,21.0,F,32441,AK,2022-04-24 00:00:00
845,846,Name 846,54.0,F,100240,LA,2022-04-25 00:00:00
846,847,Name 847,45.0,M,46443,TX,2022-04-26 00:00:00
847,848,Name 848,-13.0,F,-42855,LA,2022-04-27 00:00:00
848,849,Name 849,-4.0,Male,-104864,MI,2022-04-28 00:00:00
849,850,Name 850,57.0,M,105469,MO,2022-04-29 00:00:00
850,851, Name 851 ,22.0,M,104318,MN,2022-04-30 00:00:00
851,852,Name 852,63.0,M,58262,Arizona,2022-05-01 00:00:00
852,853,Name 853,56.0,F,51100,CT,2022-05-02 00:00:00
853,854,Name 854,29.0,Male,59506,NY,2022-05-03 00:00:00
854,855,Name 855,39.0,F,88773,PA,2022-05-04 00:00:00
855,856,Name 856,23.0,M,$102390,Kentucky,2022-05-05 00:00:00
856,857,Name 857,42.0,F,$73659,MO,2022-05-06 00:00:00
857,858,Name 858,39.0,Male,37830,Rhode Island,2022-05-07 00:00:00
858,859,Name 859,45.0,M,56376,OR,2022-05-08 00:00:00
859,860,Name 860,44.0,M,103217,WY,2022-05-09 00:00:00
860,861,Name 861,53.0,F,57813,HI,2022-05-10 00:00:00
861,862,Name 862,63.0,F,82568,NJ,2022-05-11 00:00:00
862,863,Name 863,-62.0,M,-47953,OR,2022-05-12 00:00:00
863,864,Name 864,22.0,F,81641,MO,2022-05-13 00:00:00
864,865,Name 865,43.0,M,73257,CA,2022-05-14 00:00:00
865,866,Name 866,32.0,M,114570,UT,2022-05-15 00:00:00
866,867, Name 867 ,56.0,Female,88538,CO,2022-16-05
867,868,Name 868,48.0,M,111022,SD,2022-05-17 00:00:00
868,869,Name 869,30.0,M,92182,DE,2022-05-18 00:00:00
869,870, Name 870 ,57.0,F,39985,UT,2022-05-19 00:00:00
870,871,Name 871,26.0,M,52660,MN,2022-05-20 00:00:00
871,872,Name 872,39.0,F,84029,NV,2022-05-21 00:00:00
872,873,Name 873,62.0,M,38593,HI,2022-05-22 00:00:00
873,874,Name 874,51.0,F,46173,MT,2022-05-23 00:00:00
874,875, Name 875 ,61.0,M,36181,WY,2022-05-24 00:00:00
875,876,Name 876,39.0,F,39409,KS,2022-05-25 00:00:00
876,877,Name 877,48.0,M,91154,TX,2022-05-26 00:00:00
877,878,Name 878,35.0,F,30433,Idaho,2022-05-27 00:00:00
878,879,Name 879,18.0,M,33852,KY,2022-05-28 00:00:00
879,880,Name 880,-7.0,F,-81568,MD,2022-05-29 00:00:00
880,881,Name 881,-1.0,M,-92566,IN,2022-05-30 00:00:00
881,882,Name 882,39.0,F,72804,AZ,2022-05-31 00:00:00
882,883, Name 883 ,44.0,M,$49948,MT,2022-06-01 00:00:00
883,884,Name 884,44.0,F,80614,TX,2022-06-02 00:00:00
884,885,Name 885,38.0,F,85318,Nevada,2022-06-03 00:00:00
885,886,Name 886,25.0,F,55779,illinois,2022-04-06
886,887,Name 887,42.0,Female,41857,KS,2022-06-05 00:00:00
887,888,Name 888,49.0,F,59549,MN,2022-06-06 00:00:00
888,889,Name 889,26.0,F,75680,nj,2022-06-07 00:00:00
889,890,Name 890,25.0,M,38288,North Dakota,2022-06-08 00:00:00
890,891, Name 891 ,18.0,F,101736,NH,2022-06-09 00:00:00
891,892, Name 892 ,35.0,M,100578,North Carolina,2022-06-10 00:00:00
892,893,Name 893,42.0,F,35999,MI,2022-06-11 00:00:00
893,894,Name 894,51.0,F,40732,MA,2022-06-12 00:00:00
894,895, Name 895 ,57.0,M,$35365,NV,2022-06-13 00:00:00
895,896,Name 896,23.0,M,32481,ks,2022-14-06
896,897,Name 897,59.0,F,$87779,ME,2022-06-15 00:00:00
897,898,Name 898,64.0,M,74386,DE,2022-06-16 00:00:00
898,899,Name 899,-43.0,M,-84339,oregon,2022-06-17 00:00:00
899,900,Name 900,23.0,M,94419,TN,2022-06-18 00:00:00
900,901, Name 901 ,24.0,M,93607,me,2022-19-06
901,902,Name 902,26.0,John,74515,OK,2022-06-20 00:00:00
902,903,Name 903,55.0,F,82189,HI,2022-06-21 00:00:00
903,904,Name 904,-22.0,F,-47238,NC,2022-06-22 00:00:00
904,905,Name 905,64.0,F,68458,MA,2022-06-23 00:00:00
905,906,Name 906,-53.0,F,-37732,RI,2022-06-24 00:00:00
906,907,Name 907,24.0,F,46502,VA,2022-06-25 00:00:00
907,908, Name 908 ,49.0,F,33082,MO,2022-06-26 00:00:00
908,909,Name 909,33.0,Female,43559,Rhode Island,2022-06-27 00:00:00
909,910,Name 910,28.0,F,74094,IN,2022-06-28 00:00:00
910,911,Name 911,53.0,M,$84579,nc,2022-29-06
911,912,Name 912,59.0,F,102572,NH,2022-06-30 00:00:00
912,913,Name 913,55.0,F,83911,NC,2022-07-01 00:00:00
913,914,Name 914,55.0,F,56061,Vermont,2022-07-02 00:00:00
914,915,Name 915,41.0,Male,86230,OK,2022-03-07
915,916, Name 916 ,35.0,F,73199,MD,2022-07-04 00:00:00
916,917,Name 917,44.0,M,$102936,MN,2022-07-05 00:00:00
917,918,Name 918,33.0,M,83388,TX,2022-07-06 00:00:00
918,919,Name 919,38.0,M,32525,FL,2022-07-07 00:00:00
919,920,Name 920,63.0,Female,$79151,MA,2022-07-08 00:00:00
920,921,Name 921,49.0,M,,TX,2022-07-09 00:00:00
921,922,Name 922,26.0,F,110322,WI,2022-07-10 00:00:00
922,923,Name 923,49.0,F,31154,ME,2022-07-11 00:00:00
923,924,Name 924,58.0,F,55468,NM,2022-07-12 00:00:00
924,925,Name 925,36.0,M,$101435,Arkansas,2022-13-07
925,926, Name 926 ,59.0,F,44217,UT,2022-07-14 00:00:00
926,927,Name 927,57.0,F,64775,west virginia,2022-15-07
927,928,Name 928,34.0,F,66021,Delaware,2022-07-16 00:00:00
928,929,Name 929,41.0,Female,93879,ME,2022-07-17 00:00:00
929,930,Name 930,52.0,M,$44313,Washington,2022-07-18 00:00:00
930,931,Name 931,49.0,F,74659,WA,2022-07-19 00:00:00
931,932,Name 932,20.0,M,119392,NM,2022-20-07
932,933, Name 933 ,25.0,F,119582,NE,2022-07-21 00:00:00
933,934,Name 934,35.0,F,90516,OH,2022-07-22 00:00:00
934,935,Name 935,25.0,John,61969,SC,2022-07-23 00:00:00
935,936,Name 936,21.0,M,95402,MN,2022-24-07
936,937,Name 937,61.0,M,104282,ND,2022-07-25 00:00:00
937,938,Name 938,-59.0,F,-74723,NE,2022-07-26 00:00:00
938,939,Name 939,51.0,F,46152,AR,2022-07-27 00:00:00
939,940,Name 940,-15.0,F,-82938,Alabama,2022-07-28 00:00:00
940,941,Name 941,31.0,F,107190,ms,2022-07-29 00:00:00
941,942,Name 942,29.0,M,68735,ID,2022-30-07
942,943,Name 943,-35.0,M,-89736,OK,2022-31-07
943,944,Name 944,64.0,F,117225,NH,2022-08-01 00:00:00
944,945,Name 945,19.0,F,105014,NM,2022-08-02 00:00:00
945,946,Name 946,31.0,F,$110354,vt,2022-08-03 00:00:00
946,947,Name 947,-49.0,M,-104723,MA,2022-08-04 00:00:00
947,948,Name 948,20.0,F,66085,RI,2022-08-05 00:00:00
948,949,Name 949,33.0,F,73027,KS,2022-08-06 00:00:00
949,950,Name 950,44.0,John,64188,AR,2022-08-07 00:00:00
950,951,Name 951,-15.0,M,-97371,RI,2022-08-08 00:00:00
951,952,Name 952,21.0,F,$115328,California,2022-08-09 00:00:00
952,953,Name 953,-2.0,F,-46654,GA,2022-08-10 00:00:00
953,954,Name 954,32.0,M,51868,MI,2022-08-11 00:00:00
954,955,Name 955,62.0,F,39290,CT,2022-08-12 00:00:00
955,956,Name 956,58.0,F,65676,CO,2022-08-13 00:00:00
956,957,Name 957,36.0,Male,82198,NM,2022-08-14 00:00:00
957,958,Name 958,51.0,F,66589,,2022-08-15 00:00:00
958,959,Name 959,52.0,F,46016,SD,2022-08-16 00:00:00
959,960,Name 960,32.0,M,50939,KS,2022-17-08
960,961, Name 961 ,23.0,M,117233,ID,2022-08-18 00:00:00
961,962,Name 962,19.0,F,119725,rhode island,2022-08-19 00:00:00
962,963, Name 963 ,40.0,John,84953,CT,2022-08-20 00:00:00
963,964,Name 964,62.0,Female,43247,NM,2022-08-21 00:00:00
964,965,Name 965,55.0,M,53063,RI,
965,966,Name 966,52.0,F,94226,MO,2022-08-23 00:00:00
966,967, Name 967 ,49.0,M,69039,Utah,2022-08-24 00:00:00
967,968,Name 968,22.0,F,117237,KS,2022-08-25 00:00:00
968,969,Name 969,57.0,F,102133,AZ,2022-08-26 00:00:00
969,970,Name 970,37.0,F,61484,CO,2022-08-27 00:00:00
970,971,Name 971,20.0,M,96807,MN,2022-08-28 00:00:00
971,972,Name 972,26.0,Male,86194,VA,2022-08-29 00:00:00
972,973,Name 973,60.0,F,83247,NY,2022-08-30 00:00:00
973,974,Name 974,49.0,M,66165,IA,2022-08-31 00:00:00
974,975,Name 975,30.0,F,92820,UT,2022-09-01 00:00:00
975,976,Name 976,39.0,M,64077,AZ,2022-09-02 00:00:00
976,977,Name 977,44.0,F,55920,DE,2022-09-03 00:00:00
977,978,Name 978,36.0,F,65602,UT,2022-09-04 00:00:00
978,979,Name 979,23.0,M,$45967,Arkansas,2022-09-05 00:00:00
979,980,Name 980,19.0,F,69783,CT,2022-09-06 00:00:00
980,981,Name 981,-35.0,M,-60681,MA,2022-09-07 00:00:00
981,982,Name 982,53.0,F,93079,in,2022-09-08 00:00:00
982,983,Name 983,58.0,F,98392,AR,2022-09-09 00:00:00
983,984,Name 984,60.0,F,76776,WV,2022-09-10 00:00:00
984,985,Name 985,59.0,John,107377,VA,2022-09-11 00:00:00
985,986,Name 986,37.0,M,83479,KY,2022-12-09
986,987,Name 987,29.0,M,118156,AK,2022-09-13 00:00:00
987,988,Name 988,63.0,F,80391,NV,2022-09-14 00:00:00
988,989,Name 989,48.0,M,100918,ME,2022-09-15 00:00:00
989,990,Name 990,55.0,M,$71925,OK,2022-09-16 00:00:00
990,991,Name 991,37.0,M,33961,NM,2022-09-17 00:00:00
991,992, Name 992 ,53.0,F,72109,VT,2022-09-18 00:00:00
992,993,Name 993,32.0,M,52049,IN,2022-09-19 00:00:00
993,994,Name 994,56.0,M,84740,NV,2022-09-20 00:00:00
994,995,Name 995,43.0,F,115027,MD,2022-21-09
995,996,Name 996,24.0,F,79859,ME,2022-09-22 00:00:00
996,997, Name 997 ,57.0,F,$53545,OR,2022-09-23 00:00:00
997,998,Name 998,56.0,John,78124,TN,2022-09-24 00:00:00
998,999,Name 999,59.0,F,108747,WV,2022-25-09
999,1000,Name 1000,28.0,M,113504,WV,2022-09-26 00:00:00
